{
  "Update Booking" : {
    "transaction" : "Update Booking",
    "sampleCount" : 50,
    "errorCount" : 0,
    "errorPct" : 0.0,
    "meanResTime" : 454.6600000000001,
    "medianResTime" : 492.5,
    "minResTime" : 253.0,
    "maxResTime" : 883.0,
    "pct1ResTime" : 514.8,
    "pct2ResTime" : 524.5,
    "pct3ResTime" : 883.0,
    "throughput" : 50.505050505050505,
    "receivedKBytesPerSec" : 20.46835542929293,
    "sentKBytesPerSec" : 23.033065025252526
  },
  "Delete Booking" : {
    "transaction" : "Delete Booking",
    "sampleCount" : 50,
    "errorCount" : 0,
    "errorPct" : 0.0,
    "meanResTime" : 601.4799999999998,
    "medianResTime" : 682.5,
    "minResTime" : 358.0,
    "maxResTime" : 713.0,
    "pct1ResTime" : 709.9,
    "pct2ResTime" : 711.45,
    "pct3ResTime" : 713.0,
    "throughput" : 42.517006802721085,
    "receivedKBytesPerSec" : 10.297087585034014,
    "sentKBytesPerSec" : 10.878374787414966
  },
  "Debug Sampler" : {
    "transaction" : "Debug Sampler",
    "sampleCount" : 100,
    "errorCount" : 0,
    "errorPct" : 0.0,
    "meanResTime" : 0.24000000000000002,
    "medianResTime" : 0.0,
    "minResTime" : 0.0,
    "maxResTime" : 4.0,
    "pct1ResTime" : 1.0,
    "pct2ResTime" : 1.0,
    "pct3ResTime" : 3.9799999999999898,
    "throughput" : 89.12655971479501,
    "receivedKBytesPerSec" : 31.912356561942957,
    "sentKBytesPerSec" : 0.0
  },
  "Total" : {
    "transaction" : "Total",
    "sampleCount" : 350,
    "errorCount" : 0,
    "errorPct" : 0.0,
    "meanResTime" : 446.67142857142846,
    "medianResTime" : 390.5,
    "minResTime" : 0.0,
    "maxResTime" : 1832.0,
    "pct1ResTime" : 1240.500000000001,
    "pct2ResTime" : 1551.85,
    "pct3ResTime" : 1794.0700000000004,
    "throughput" : 91.81532004197273,
    "receivedKBytesPerSec" : 32.43637485243966,
    "sentKBytesPerSec" : 20.238309942287515
  },
  "Create Booking" : {
    "transaction" : "Create Booking",
    "sampleCount" : 50,
    "errorCount" : 0,
    "errorPct" : 0.0,
    "meanResTime" : 1392.6,
    "medianResTime" : 1388.0,
    "minResTime" : 1002.0,
    "maxResTime" : 1832.0,
    "pct1ResTime" : 1764.0,
    "pct2ResTime" : 1818.25,
    "pct3ResTime" : 1832.0,
    "throughput" : 21.551724137931036,
    "receivedKBytesPerSec" : 9.40783270474138,
    "sentKBytesPerSec" : 9.1552734375
  },
  "Get Booking" : {
    "transaction" : "Get Booking",
    "sampleCount" : 50,
    "errorCount" : 0,
    "errorPct" : 0.0,
    "meanResTime" : 417.58,
    "medianResTime" : 423.5,
    "minResTime" : 257.0,
    "maxResTime" : 479.0,
    "pct1ResTime" : 467.8,
    "pct2ResTime" : 471.34999999999997,
    "pct3ResTime" : 479.0,
    "throughput" : 57.67012687427912,
    "receivedKBytesPerSec" : 23.54112600922722,
    "sentKBytesPerSec" : 8.898320357554788
  },
  "Create Token" : {
    "transaction" : "Create Token",
    "sampleCount" : 50,
    "errorCount" : 0,
    "errorPct" : 0.0,
    "meanResTime" : 259.90000000000003,
    "medianResTime" : 258.5,
    "minResTime" : 246.0,
    "maxResTime" : 282.0,
    "pct1ResTime" : 274.0,
    "pct2ResTime" : 277.25,
    "pct3ResTime" : 282.0,
    "throughput" : 58.07200929152149,
    "receivedKBytesPerSec" : 15.368666521486643,
    "sentKBytesPerSec" : 14.631424216027876
  }
}